<metadata xml:lang="en">
    <Esri>
        <CreaDate>20201129</CreaDate>
        <CreaTime>04523700</CreaTime>
        <ArcGISFormat>1.0</ArcGISFormat>
        <ArcGISstyle>North American Profile of ISO19115 2003</ArcGISstyle>
        <SyncOnce>FALSE</SyncOnce>
        <DataProperties>
            <itemProps>
                <itemName Sync="TRUE">northafricadesertified</itemName>
                <nativeExtBox>
                    <westBL Sync="TRUE">-17.101528</westBL>
                    <eastBL Sync="TRUE">36.895828</eastBL>
                    <southBL Sync="TRUE">18.976387</southBL>
                    <northBL Sync="TRUE">37.340412</northBL>
                    <exTypeCode Sync="TRUE">1</exTypeCode>
                </nativeExtBox>
                <itemSize Sync="TRUE">0.046</itemSize>
                <imsContentType export="False">002</imsContentType>
            </itemProps>
            <coordRef>
                <type Sync="TRUE">Geographic</type>
                <geogcsn Sync="TRUE">GCS_WGS_1984</geogcsn>
                <csUnits Sync="TRUE">Angular Unit: Degree (0.017453)</csUnits>
                <peXml Sync="TRUE">&lt;GeographicCoordinateSystem xsi:type='typens:GeographicCoordinateSystem' xmlns:xsi='http://www.w3.org/2001/XMLSchema-instance' xmlns:xs='http://www.w3.org/2001/XMLSchema' xmlns:typens='http://www.esri.com/schemas/ArcGIS/10.7'&gt;&lt;WKT&gt;GEOGCS[&amp;quot;GCS_WGS_1984&amp;quot;,DATUM[&amp;quot;D_WGS_1984&amp;quot;,SPHEROID[&amp;quot;WGS_1984&amp;quot;,6378137.0,298.257223563]],PRIMEM[&amp;quot;Greenwich&amp;quot;,0.0],UNIT[&amp;quot;Degree&amp;quot;,0.0174532925199433],AUTHORITY[&amp;quot;EPSG&amp;quot;,4326]]&lt;/WKT&gt;&lt;XOrigin&gt;-400&lt;/XOrigin&gt;&lt;YOrigin&gt;-400&lt;/YOrigin&gt;&lt;XYScale&gt;11258999068426.238&lt;/XYScale&gt;&lt;ZOrigin&gt;-100000&lt;/ZOrigin&gt;&lt;ZScale&gt;10000&lt;/ZScale&gt;&lt;MOrigin&gt;-100000&lt;/MOrigin&gt;&lt;MScale&gt;10000&lt;/MScale&gt;&lt;XYTolerance&gt;8.983152841195215e-09&lt;/XYTolerance&gt;&lt;ZTolerance&gt;0.001&lt;/ZTolerance&gt;&lt;MTolerance&gt;0.001&lt;/MTolerance&gt;&lt;HighPrecision&gt;true&lt;/HighPrecision&gt;&lt;LeftLongitude&gt;-180&lt;/LeftLongitude&gt;&lt;WKID&gt;4326&lt;/WKID&gt;&lt;LatestWKID&gt;4326&lt;/LatestWKID&gt;&lt;/GeographicCoordinateSystem&gt;</peXml>
            </coordRef>
        </DataProperties>
        <SyncDate>20201129</SyncDate>
        <SyncTime>05115700</SyncTime>
        <ModDate>20201129</ModDate>
        <ModTime>05115700</ModTime>
        <scaleRange>
            <minScale>150000000</minScale>
            <maxScale>5000</maxScale>
        </scaleRange>
        <ArcGISProfile>NAP</ArcGISProfile>
    </Esri>
    <eainfo>
        <detailed xmlns="" Name="northafricadesertified">
            <enttyp>
                <enttypl>Desertified land percentage</enttypl>
                <enttypd>Desertified land percentage</enttypd>
                <enttypds>https://www.econstor.eu/bitstream/10419/84769/1/zef_dp10.pdf</enttypds>
                <enttypt Sync="TRUE">Feature Class</enttypt>
                <enttypc Sync="TRUE">5</enttypc>
            </enttyp>
            <attr>
                <attrlabl Sync="TRUE">FID</attrlabl>
                <attalias Sync="TRUE">FID</attalias>
                <attrtype Sync="TRUE">OID</attrtype>
                <attwidth Sync="TRUE">4</attwidth>
                <atprecis Sync="TRUE">0</atprecis>
                <attscale Sync="TRUE">0</attscale>
                <attrdef Sync="TRUE">Internal feature number.</attrdef>
                <attrdefs Sync="TRUE">Esri</attrdefs>
                <attrdomv>
                    <udom Sync="TRUE">Sequential unique whole numbers that are automatically generated.</udom>
                </attrdomv>
            </attr>
            <attr>
                <attrlabl Sync="TRUE">Shape</attrlabl>
                <attalias Sync="TRUE">Shape</attalias>
                <attrtype Sync="TRUE">Geometry</attrtype>
                <attwidth Sync="TRUE">0</attwidth>
                <atprecis Sync="TRUE">0</atprecis>
                <attscale Sync="TRUE">0</attscale>
                <attrdef Sync="TRUE">Feature geometry.</attrdef>
                <attrdefs Sync="TRUE">Esri</attrdefs>
                <attrdomv>
                    <udom Sync="TRUE">Coordinates defining the features.</udom>
                </attrdomv>
            </attr>
            <attr>
                <attrlabl Sync="TRUE">id</attrlabl>
                <attalias Sync="TRUE">id</attalias>
                <attrtype Sync="TRUE">Integer</attrtype>
                <attwidth Sync="TRUE">10</attwidth>
                <atprecis Sync="TRUE">10</atprecis>
                <attscale Sync="TRUE">0</attscale>
            </attr>
            <attr>
                <attrlabl Sync="TRUE">paye</attrlabl>
                <attalias Sync="TRUE">paye</attalias>
                <attrtype Sync="TRUE">String</attrtype>
                <attwidth Sync="TRUE">254</attwidth>
                <atprecis Sync="TRUE">0</atprecis>
                <attscale Sync="TRUE">0</attscale>
            </attr>
            <attr>
                <attrlabl Sync="TRUE">percentage</attrlabl>
                <attalias Sync="TRUE">percentage</attalias>
                <attrtype Sync="TRUE">Double</attrtype>
                <attwidth Sync="TRUE">24</attwidth>
                <atprecis Sync="TRUE">23</atprecis>
                <attscale Sync="TRUE">15</attscale>
            </attr>
        </detailed>
    </eainfo>
    <mdFileID>56634E18-6B6C-4254-8F73-CB17CF7E8CD9</mdFileID>
    <mdLang>
        <languageCode value="eng"/>
        <countryCode value="USA" Sync="TRUE"/>
    </mdLang>
    <mdChar>
        <CharSetCd value="004"/>
    </mdChar>
    <mdHrLv>
        <ScopeCd value="005"/>
    </mdHrLv>
    <mdDateSt>19990701</mdDateSt>
    <mdStanName>ArcGIS Metadata</mdStanName>
    <mdStanVer>1.0</mdStanVer>
    <distInfo xmlns="">
        <distFormat xmlns="">
            <formatName>shapefile</formatName>
            <formatVer>standard</formatVer>
        </distFormat>
        <distFormat xmlns="">
            <formatName>Shapefile</formatName>
            <formatVer>esri</formatVer>
        </distFormat>
        <distTranOps xmlns="">
            <transSize>0.046</transSize>
        </distTranOps>
    </distInfo>
    <dataIdInfo>
        <idCitation xmlns="">
            <resTitle>Desertified land in north africa</resTitle>
            <date>
                <pubDate>2014-07-01T00:00:00</pubDate>
            </date>
            <presForm xmlns="">
                <PresFormCd value="005"/>
            </presForm>
            <citRespParty xmlns="">
                <rpIndName>The CENTER FOR DEVELOPMENT RESEARCH (ZEF) </rpIndName>
                <rpOrgName>ZEF</rpOrgName>
                <rpPosName>research center</rpPosName>
                <role>
                    <RoleCd value="001"></RoleCd>
                </role>
            </citRespParty>
            <issn>1436-9931</issn>
        </idCitation>
        <idAbs>&lt;DIV STYLE="text-align:Left;"&gt;&lt;DIV&gt;&lt;DIV&gt;&lt;P&gt;&lt;SPAN&gt;Ce fichier représente les pourcentages des terres désertifiées modérément à tres sévèrement depuis les donnees présentes dans un papier intitulé ''Assessing desertification and water harvesting in the Middle East and North Africa: Policy implications''&lt;/SPAN&gt;&lt;/P&gt;&lt;/DIV&gt;&lt;/DIV&gt;&lt;/DIV&gt;</idAbs>
        <otherKeys xmlns="">
            <keyword>Environment</keyword>
            <keyword>Climatology Meteorology Atmosphere</keyword>
        </otherKeys>
        <searchKeys>
            <keyword>Environment</keyword>
            <keyword>Climatology Meteorology Atmosphere</keyword>
        </searchKeys>
        <spatRpType>
            <SpatRepTypCd value="001"/>
        </spatRpType>
        <dataLang>
            <languageCode value="eng"/>
            <countryCode value="USA" Sync="TRUE"/>
        </dataLang>
        <dataChar>
            <CharSetCd value="004"/>
        </dataChar>
        <envirDesc>Version 6.2 (Build 9200) ; Esri ArcGIS 10.8.0.12790</envirDesc>
        <dataExt>
            <geoEle>
                <GeoBndBox>
                    <exTypeCode>true</exTypeCode>
                    <westBL>-17.101528</westBL>
                    <eastBL>36.895828</eastBL>
                    <southBL>18.976387</southBL>
                    <northBL>37.340412</northBL>
                </GeoBndBox>
            </geoEle>
        </dataExt>
        <dataExt>
            <geoEle xmlns="">
                <GeoBndBox esriExtentType="search">
                    <exTypeCode Sync="TRUE">1</exTypeCode>
                    <westBL Sync="TRUE">-17.101528</westBL>
                    <eastBL Sync="TRUE">36.895828</eastBL>
                    <northBL Sync="TRUE">37.340412</northBL>
                    <southBL Sync="TRUE">18.976387</southBL>
                </GeoBndBox>
            </geoEle>
        </dataExt>
        <resMaint xmlns="">
            <maintFreq>
                <MaintFreqCd value="012"></MaintFreqCd>
            </maintFreq>
            <maintCont xmlns="">
                <rpIndName>The CENTER FOR DEVELOPMENT RESEARCH (ZEF) </rpIndName>
                <rpOrgName>ZEF</rpOrgName>
                <rpPosName>research center</rpPosName>
                <role>
                    <RoleCd value="001"/>
                </role>
                <displayName>The CENTER FOR DEVELOPMENT RESEARCH (ZEF) </displayName>
            </maintCont>
        </resMaint>
        <tpCat>
            <TopicCatCd value="007"/>
        </tpCat>
        <tpCat>
            <TopicCatCd value="004"/>
        </tpCat>
    </dataIdInfo>
    <spatRepInfo>
        <VectSpatRep>
            <geometObjs Name="northafricadesertified">
                <geoObjTyp>
                    <GeoObjTypCd value="002" Sync="TRUE"></GeoObjTypCd>
                </geoObjTyp>
                <geoObjCnt Sync="TRUE">5</geoObjCnt>
            </geometObjs>
            <topLvl>
                <TopoLevCd value="001" Sync="TRUE"></TopoLevCd>
            </topLvl>
        </VectSpatRep>
    </spatRepInfo>
    <refSysInfo>
        <RefSystem dimension="horizontal">
            <refSysID xmlns="">
                <identAuth xmlns="">
                    <resTitle>UNIGIS Geospatial Education Resources</resTitle>
                    <date>
                        <pubDate>2015-06-21T00:00:00</pubDate>
                    </date>
                    <presForm>
                        <PresFormCd value="001"/>
                    </presForm>
                </identAuth>
                <identCode code="4326"/>
                <idCodeSpace>EPSG</idCodeSpace>
                <idVersion>6.14(3.0.1)</idVersion>
            </refSysID>
        </RefSystem>
    </refSysInfo>
    <dataSetURI>https://hub.arcgis.com/datasets/a21fdb46d23e4ef896f31475217cbb08_1?geometry=-174.023%2C-89.983%2C174.023%2C-88.772</dataSetURI>
    <mdHrLvName Sync="TRUE">dataset</mdHrLvName>
    <spdoinfo>
        <ptvctinf>
            <esriterm Name="northafricadesertified">
                <efeatyp Sync="TRUE">Simple</efeatyp>
                <efeageom code="4" Sync="TRUE"></efeageom>
                <esritopo Sync="TRUE">FALSE</esritopo>
                <efeacnt Sync="TRUE">5</efeacnt>
                <spindex Sync="TRUE">FALSE</spindex>
                <linrefer Sync="TRUE">FALSE</linrefer>
            </esriterm>
        </ptvctinf>
    </spdoinfo>
    <mdMaint xmlns="">
        <maintFreq>
            <MaintFreqCd value="012"></MaintFreqCd>
        </maintFreq>
    </mdMaint>
    <dqInfo xmlns="">
        <dqScope>
            <scpLvl>
                <ScopeCd value="001"></ScopeCd>
            </scpLvl>
            <scpLvlDesc xmlns="">
                <attribSet>Desertified percentage</attribSet>
            </scpLvlDesc>
        </dqScope>
    </dqInfo>
    <mdContact xmlns="">
        <rpIndName>The CENTER FOR DEVELOPMENT RESEARCH (ZEF) </rpIndName>
        <rpOrgName>ZEF</rpOrgName>
        <rpPosName>research center</rpPosName>
        <role>
            <RoleCd value="001"/>
        </role>
        <displayName>The CENTER FOR DEVELOPMENT RESEARCH (ZEF) </displayName>
        <displayName>The CENTER FOR DEVELOPMENT RESEARCH (ZEF) </displayName>
    </mdContact>
</metadata>
