<metadata xml:lang="en">
	<Esri>
		<CreaDate>20201129</CreaDate>
		<CreaTime>05191700</CreaTime>
		<ArcGISFormat>1.0</ArcGISFormat>
		<ArcGISstyle>North American Profile of ISO19115 2003</ArcGISstyle>
		<SyncOnce>FALSE</SyncOnce>
		<DataProperties>
			<itemProps>
				<itemName Sync="TRUE">dynamforestloss</itemName>
				<nativeExtBox>
					<westBL Sync="TRUE">-17.101528</westBL>
					<eastBL Sync="TRUE">36.895828</eastBL>
					<southBL Sync="TRUE">18.976387</southBL>
					<northBL Sync="TRUE">37.340412</northBL>
					<exTypeCode Sync="TRUE">1</exTypeCode>
				</nativeExtBox>
				<itemSize Sync="TRUE">0.881</itemSize>
				<imsContentType Sync="TRUE" export="False">002</imsContentType>
				<itemLocation><linkage Sync="TRUE">file://\\PC-ZAKARIA\D$\Documents\Studies\5eme\Webmaping\Final Project\data\Data used\dynamforestloss.shp</linkage><protocol Sync="TRUE">Local Area Network</protocol></itemLocation></itemProps>
			<coordRef>
				<type Sync="TRUE">Geographic</type>
				<geogcsn Sync="TRUE">GCS_WGS_1984</geogcsn>
				<csUnits Sync="TRUE">Angular Unit: Degree (0.017453)</csUnits>
				<peXml Sync="TRUE">&lt;GeographicCoordinateSystem xsi:type='typens:GeographicCoordinateSystem' xmlns:xsi='http://www.w3.org/2001/XMLSchema-instance' xmlns:xs='http://www.w3.org/2001/XMLSchema' xmlns:typens='http://www.esri.com/schemas/ArcGIS/10.7'&gt;&lt;WKT&gt;GEOGCS[&amp;quot;GCS_WGS_1984&amp;quot;,DATUM[&amp;quot;D_WGS_1984&amp;quot;,SPHEROID[&amp;quot;WGS_1984&amp;quot;,6378137.0,298.257223563]],PRIMEM[&amp;quot;Greenwich&amp;quot;,0.0],UNIT[&amp;quot;Degree&amp;quot;,0.0174532925199433],AUTHORITY[&amp;quot;EPSG&amp;quot;,4326]]&lt;/WKT&gt;&lt;XOrigin&gt;-400&lt;/XOrigin&gt;&lt;YOrigin&gt;-400&lt;/YOrigin&gt;&lt;XYScale&gt;11258999068426.238&lt;/XYScale&gt;&lt;ZOrigin&gt;-100000&lt;/ZOrigin&gt;&lt;ZScale&gt;10000&lt;/ZScale&gt;&lt;MOrigin&gt;-100000&lt;/MOrigin&gt;&lt;MScale&gt;10000&lt;/MScale&gt;&lt;XYTolerance&gt;8.983152841195215e-09&lt;/XYTolerance&gt;&lt;ZTolerance&gt;0.001&lt;/ZTolerance&gt;&lt;MTolerance&gt;0.001&lt;/MTolerance&gt;&lt;HighPrecision&gt;true&lt;/HighPrecision&gt;&lt;LeftLongitude&gt;-180&lt;/LeftLongitude&gt;&lt;WKID&gt;4326&lt;/WKID&gt;&lt;LatestWKID&gt;4326&lt;/LatestWKID&gt;&lt;/GeographicCoordinateSystem&gt;</peXml>
			</coordRef>
		</DataProperties>
		<SyncDate>20201129</SyncDate>
		<SyncTime>06050800</SyncTime>
		<ModDate>20201129</ModDate>
		<ModTime>06050800</ModTime>
		<scaleRange>
			<minScale>150000000</minScale>
			<maxScale>5000</maxScale>
		</scaleRange>
		<ArcGISProfile>NAP</ArcGISProfile>
	</Esri>
	<eainfo>
		<detailed Name="dynamforestloss" xmlns="">
			<enttyp>
				<enttypl Sync="TRUE">dynamforestloss</enttypl>
				<enttypt Sync="TRUE">Feature Class</enttypt>
				<enttypc Sync="TRUE">95</enttypc>
				<enttypd>per country per date</enttypd>
				<enttypds>https://www.globalforestwatch.org/</enttypds>
			</enttyp>
			<attr>
				<attrlabl Sync="TRUE">FID</attrlabl>
				<attalias Sync="TRUE">FID</attalias>
				<attrtype Sync="TRUE">OID</attrtype>
				<attwidth Sync="TRUE">4</attwidth>
				<atprecis Sync="TRUE">0</atprecis>
				<attscale Sync="TRUE">0</attscale>
				<attrdef Sync="TRUE">Internal feature number.</attrdef>
				<attrdefs Sync="TRUE">Esri</attrdefs>
				<attrdomv>
					<udom Sync="TRUE">Sequential unique whole numbers that are automatically generated.</udom>
				</attrdomv>
			</attr>
			<attr>
				<attrlabl Sync="TRUE">Shape</attrlabl>
				<attalias Sync="TRUE">Shape</attalias>
				<attrtype Sync="TRUE">Geometry</attrtype>
				<attwidth Sync="TRUE">0</attwidth>
				<atprecis Sync="TRUE">0</atprecis>
				<attscale Sync="TRUE">0</attscale>
				<attrdef Sync="TRUE">Feature geometry.</attrdef>
				<attrdefs Sync="TRUE">Esri</attrdefs>
				<attrdomv>
					<udom Sync="TRUE">Coordinates defining the features.</udom>
				</attrdomv>
			</attr>
			<attr>
				<attrlabl Sync="TRUE">id</attrlabl>
				<attalias Sync="TRUE">id</attalias>
				<attrtype Sync="TRUE">Integer</attrtype>
				<attwidth Sync="TRUE">10</attwidth>
				<atprecis Sync="TRUE">10</atprecis>
				<attscale Sync="TRUE">0</attscale>
			</attr>
			<attr>
				<attrlabl Sync="TRUE">paye</attrlabl>
				<attalias Sync="TRUE">paye</attalias>
				<attrtype Sync="TRUE">String</attrtype>
				<attwidth Sync="TRUE">254</attwidth>
				<atprecis Sync="TRUE">0</atprecis>
				<attscale Sync="TRUE">0</attscale>
			</attr>
			<attr xmlns="">
				<attrlabl Sync="TRUE">foret_perd</attrlabl>
				<attalias Sync="FALSE">foret lost</attalias>
				<attrtype Sync="TRUE">Double</attrtype>
				<attwidth Sync="TRUE">24</attwidth>
				<atprecis Sync="TRUE">23</atprecis>
				<attscale Sync="TRUE">15</attscale>
				<attrdef>Lost forest area in ha</attrdef>
				<attrdefs>https://www.globalforestwatch.org/</attrdefs>
				<attrmfrq>008</attrmfrq>
				<begdatea>20010101</begdatea>
				<enddatea>20191231</enddatea>
				<attrdomv>
					<rdom xmlns="">
						<rdommin>2001</rdommin>
						<rdommax>2019</rdommax>
					</rdom>
				</attrdomv>
			</attr>
			<attr>
				<attrlabl Sync="TRUE">start</attrlabl>
				<attalias Sync="TRUE">start</attalias>
				<attrtype Sync="TRUE">Double</attrtype>
				<attwidth Sync="TRUE">20</attwidth>
				<atprecis Sync="TRUE">20</atprecis>
				<attscale Sync="TRUE">0</attscale>
			</attr>
			<attr>
				<attrlabl Sync="TRUE">end</attrlabl>
				<attalias Sync="TRUE">end</attalias>
				<attrtype Sync="TRUE">Double</attrtype>
				<attwidth Sync="TRUE">20</attwidth>
				<atprecis Sync="TRUE">20</atprecis>
				<attscale Sync="TRUE">0</attscale>
			</attr>
		</detailed>
	</eainfo>
	<mdLang>
		<languageCode value="eng"/>
		<countryCode value="USA" Sync="TRUE"/>
	</mdLang>
	<mdChar>
		<CharSetCd value="004"/>
	</mdChar>
	<mdHrLv>
		<ScopeCd value="005"/>
	</mdHrLv>
	<mdStanName>ArcGIS Metadata</mdStanName>
	<mdStanVer>1.0</mdStanVer>
	<dataIdInfo>
		<envirDesc Sync="TRUE"> Version 6.2 (Build 9200) ; Esri ArcGIS 10.8.0.12790</envirDesc>
		<dataLang>
			<languageCode value="eng" Sync="TRUE"/>
			<countryCode value="USA" Sync="TRUE"/>
		</dataLang>
		<idCitation xmlns="">
			<resTitle Sync="FALSE">Forest loss per country per year</resTitle>
			<presForm xmlns="">
				<PresFormCd value="005" Sync="TRUE"/>
			</presForm>
			<date>
				<pubDate>2020-01-01T00:00:00</pubDate>
			</date>
		</idCitation>
		<spatRpType>
			<SpatRepTypCd value="001" Sync="TRUE"/>
		</spatRpType>
		<dataExt>
			<geoEle xmlns="">
				<GeoBndBox esriExtentType="search">
					<exTypeCode Sync="TRUE">1</exTypeCode>
					<westBL Sync="TRUE">-17.101528</westBL>
					<eastBL Sync="TRUE">36.895828</eastBL>
					<northBL Sync="TRUE">37.340412</northBL>
					<southBL Sync="TRUE">18.976387</southBL>
				</GeoBndBox>
			</geoEle>
		</dataExt>
		<idAbs>&lt;DIV STYLE="text-align:Left;"&gt;&lt;DIV&gt;&lt;P&gt;&lt;SPAN&gt;Forest loss per country per year&lt;/SPAN&gt;&lt;/P&gt;&lt;/DIV&gt;&lt;/DIV&gt;</idAbs>
		<tpCat>
			<TopicCatCd value="004"/>
		</tpCat>
		<tpCat>
			<TopicCatCd value="007"/>
		</tpCat>
	</dataIdInfo>
	<distInfo xmlns="">
		<distFormat xmlns="">
			<formatName Sync="TRUE">Shapefile</formatName>
			<formatVer>ESRI</formatVer>
		</distFormat>
		<distTranOps xmlns="">
			<transSize Sync="TRUE">0.881</transSize>
		</distTranOps>
	</distInfo>
	<mdHrLvName Sync="TRUE">dataset</mdHrLvName>
	<refSysInfo>
		<RefSystem dimension="horizontal">
			<refSysID xmlns="">
				<identCode code="4326" Sync="TRUE"/>
				<idCodeSpace Sync="TRUE">EPSG</idCodeSpace>
				<idVersion Sync="TRUE">6.14(3.0.1)</idVersion>
			</refSysID>
		</RefSystem>
	</refSysInfo>
	<spatRepInfo>
		<VectSpatRep><geometObjs Name="dynamforestloss"><geoObjTyp><GeoObjTypCd value="002" Sync="TRUE"></GeoObjTypCd></geoObjTyp><geoObjCnt Sync="TRUE">95</geoObjCnt></geometObjs><topLvl><TopoLevCd value="001" Sync="TRUE"></TopoLevCd></topLvl></VectSpatRep></spatRepInfo>
	<spdoinfo>
		<ptvctinf><esriterm Name="dynamforestloss"><efeatyp Sync="TRUE">Simple</efeatyp><efeageom code="4" Sync="TRUE"></efeageom><esritopo Sync="TRUE">FALSE</esritopo><efeacnt Sync="TRUE">95</efeacnt><spindex Sync="TRUE">FALSE</spindex><linrefer Sync="TRUE">FALSE</linrefer></esriterm></ptvctinf></spdoinfo>
	<mdDateSt Sync="FALSE">20200101</mdDateSt>
	<mdFileID>6CB6D6CB-CF75-4C48-8667-8D43DA2F0D6E</mdFileID>
	<mdContact xmlns="">
		<rpIndName>https://www.globalforestwatch.org/</rpIndName>
		<rpOrgName>globalforestwatch</rpOrgName>
		<role>
			<RoleCd value="001"></RoleCd>
		</role>
	</mdContact>
</metadata>
